{"cameraMode":{"drawMode":0,"name":"Shaded","section":"Shading Mode"},"sceneLighting":true,"audioPlay":false,"sceneViewState":{"m_AlwaysRefresh":false,"showFog":true,"showSkybox":true,"showFlares":true,"showImageEffects":true,"showParticleSystems":true,"showVisualEffectGraphs":true,"m_FxEnabled":true},"in2DMode":false,"pivot":{"x":-0.6604370474815369,"y":1.1281261444091797,"z":1.4529310464859009},"rotation":{"x":-0.13656717538833619,"y":0.7995466589927673,"z":-0.19846975803375245,"w":-0.5501735210418701},"size":0.6865566968917847,"orthographic":false}