{"cameraMode":{"drawMode":0,"name":"Shaded","section":"Shading Mode"},"sceneLighting":true,"audioPlay":false,"sceneViewState":{"m_AlwaysRefresh":false,"showFog":true,"showSkybox":true,"showFlares":true,"showImageEffects":true,"showParticleSystems":true,"showVisualEffectGraphs":true,"m_FxEnabled":true},"in2DMode":false,"pivot":{"x":-0.8469769954681397,"y":1.6165342330932618,"z":-1.090597152709961},"rotation":{"x":-0.09716132283210755,"y":0.8944546580314636,"z":-0.36642614006996157,"w":-0.23717829585075379},"size":8.195608139038086,"orthographic":false}